Sample,RMSE_km,Rsigma_km,Isigma_km,Csigma_km,Tsigma_km,Converged
1,41.4357363634778,5.17532846183851,0.56917533827759,0.35153471974402,5.21838690715864,1
2,42.155628774719,5.17534883182089,0.569177418678697,0.351534838217116,5.21840734395504,1
3,41.2875989668178,5.17525327351305,0.569176524741952,0.351529930025022,5.21831214599398,1
4,41.8676734116829,5.17532015306605,0.56918100011336,0.351533432836695,5.21837919779922,1
5,41.4445887696448,5.17527606382896,0.5691744351604,0.351530827556711,5.21833458080295,1
6,42.1348889045668,5.17536555504384,0.569178418179524,0.351535842462121,5.21842410585716,1
7,40.8706428760758,5.17523147622784,0.569171302493787,0.351528741964838,5.21828987893057,1
8,41.4823284929018,5.17528537632441,0.569174672555393,0.351531233829218,5.21834386971894,1
9,40.6105644832829,5.17522583815088,0.569172273631299,0.351529164963999,5.21828442179567,1
10,40.9109841816739,5.17523946242106,0.569173948333362,0.351529743040382,5.21829815525173,1
11,41.4519599178887,5.17528061827611,0.569176917030232,0.351531733720017,5.2183394294159,1
12,41.6028933717069,5.17528615735513,0.569180338571541,0.35153177111749,5.21834529850536,1
13,41.9653752011531,5.17533944788286,0.569179915664382,0.351534547097426,5.21839829018552,1
14,41.6982773098857,5.17533562412311,0.569175760817487,0.351534354546931,5.21839403183074,1
15,41.5815957654149,5.17528577874188,0.5691757420861,0.351531594087464,5.2183444097404,1
16,40.7869768096798,5.1752635248325,0.569173505910663,0.351531569336466,5.2183220938854,1
17,40.6364693065222,5.17524484094089,0.569171775214564,0.351530388336642,5.21830329583384,1
18,41.5440097322147,5.17530008507225,0.569176380463216,0.351532919143982,5.21835875691466,1
19,40.3644295853141,5.17519458551254,0.569169147971195,0.351527313024971,5.21825296135815,1
20,41.9729263605915,5.17536747573633,0.56918269027822,0.351537166053422,5.21842656582793,1
21,41.4674741315286,5.17529487270599,0.569176897941343,0.351532454438747,5.21835361269536,1
22,40.9762467713162,5.17528728143195,0.569173388455303,0.3515323182203,5.21834569209729,1
23,41.0157510605665,5.17529452470875,0.569172295601876,0.351533040146298,5.21835280504065,1
24,41.3310388184166,5.17527052325491,0.569174108544125,0.351531036004192,5.21832906436364,1
25,41.1918669541301,5.17526562803854,0.569172943441477,0.351530254879165,5.21832402983931,1
26,42.4056284749719,5.17537455042614,0.569179056078735,0.351536119800506,5.21843311527528,1
27,41.2937305669316,5.17525874198297,0.569175191303169,0.351529884192401,5.21831742081167,1
28,40.6400498785186,5.17522126606699,0.569173564318194,0.351528982679821,5.21828001593769,1
29,41.385026980513,5.1752699875008,0.569174280455021,0.351530677408269,5.21832852762426,1
30,41.0941205066378,5.17524900410317,0.569174230903026,0.351529866375452,5.21830765732999,1
31,40.6948124359909,5.17523293444461,0.569173816526479,0.351529816135229,5.21829167168831,1
32,41.4704467506465,5.17525841633308,0.569176306315177,0.351530204069574,5.21831724101459,1
33,40.6401959937259,5.17522928706242,0.569172666971925,0.351529185318176,5.21828788652246,1
34,40.6698620503339,5.1752328046908,0.569172705617685,0.3515296234342,5.21829140885402,1
35,40.6720384334088,5.17519484973891,0.569173679749391,0.351527203653465,5.21825371033184,1
36,41.0193734646173,5.17526230765925,0.569173683307297,0.351530827403901,5.21832085612445,1
37,42.0937574671841,5.1753562790646,0.5691810808015,0.351535858802009,5.21841519793312,1
38,41.032310059086,5.17529002313032,0.569172342454476,0.351532514999255,5.21834831034007,1
39,40.5345984537357,5.17520260321291,0.56917210746061,0.35152749060977,5.21826124766356,1
40,41.936604263913,5.17535050835652,0.569179056540876,0.351535481663003,5.21840922864611,1
41,40.9269302721853,5.17523971598084,0.569172174210066,0.351529800683419,5.21829821709425,1
42,41.070495086824,5.17526306955683,0.569176823198788,0.351531047694072,5.21832196905082,1
43,42.1093766760333,5.17531647897208,0.569177105207021,0.351532870354346,5.2183750913049,1
44,41.8978228442888,5.17532619999266,0.569179055085802,0.351533555303922,5.21838499093191,1
45,42.1967133264679,5.17534619426679,0.569179590232724,0.351534578947696,5.21840494755296,1
46,42.537617130106,5.17537913770537,0.56918215829538,0.351536415741327,5.21843802300171,1
47,41.9636095317808,5.17533200598057,0.569180866087384,0.351534269089468,5.21839099462575,1
48,41.3421046052136,5.17528896139029,0.569178211949943,0.35153221037438,5.21834787703708,1
49,42.2778722859077,5.17536550755833,0.569181400970933,0.351535751263176,5.21842437795662,1
50,41.430460032757,5.1752979598455,0.569176001375056,0.351532655112113,5.21835659008968,1
51,41.5012636821576,5.17527926491639,0.569176057916765,0.351531417703033,5.21833797222943,1
52,42.3126300392709,5.17538308013643,0.569180849904138,0.351537140166506,5.21844183899529,1
53,42.3158182782788,5.17535110592738,0.569180226809682,0.351534795225803,5.21840990268772,1
54,41.5854974313438,5.17531566335875,0.569175748106884,0.351533475531919,5.21837417516787,1
55,41.0341318264562,5.17527072195989,0.569175020417804,0.351531428269858,5.21832938731394,1
56,41.4818853770576,5.17527085582271,0.569179572736983,0.351531018146446,5.21832998897809,1
57,40.1268864246264,5.17516172139564,0.5691676177674,0.351525664822432,5.21822009048512,1
58,41.4400309485673,5.17529517118907,0.569177621973907,0.351532596058208,5.2183539972275,1
59,42.3238869883342,5.1753799348185,0.569179021290435,0.351536501269491,5.21843847714275,1
60,41.5900317618957,5.17527816157854,0.569178891360856,0.351531509574143,5.2183371932356,1
61,41.4841079033695,5.17530647782803,0.569178441890871,0.351533378306194,5.21836535269671,1
62,42.5761400788879,5.17541630447955,0.569182616960972,0.351538821515467,5.21847509519359,1
63,41.1067549542684,5.17524528484034,0.56917355995043,0.351529676323318,5.21830388277118,1
64,40.6623799348831,5.17523678688717,0.569171880765675,0.351529352258193,5.21829524995507,1
65,40.9224089210565,5.17521877255804,0.569174132565777,0.351528164635262,5.21827754987706,1
66,41.3954930521333,5.17529190964359,0.569177913399283,0.351532535163915,5.21835079027874,1
67,41.8607221004001,5.17532348832785,0.5691783075704,0.351533821338178,5.21838223803041,1
68,42.0471193668328,5.17535007573307,0.569179952820167,0.351535276284866,5.21840888351567,1
69,41.6425513402655,5.17527602528141,0.569178949289802,0.351531138523609,5.21833505588889,1
70,41.4821627331222,5.17528290135603,0.56917590293117,0.351531108772131,5.21834154094767,1
71,40.8383606158074,5.17522883788957,0.56917309274686,0.351528965320054,5.21828747267625,1
72,41.4818199458085,5.17529337428472,0.569176119669059,0.351532521944202,5.21835204629788,1
73,41.4994977531586,5.17530870758902,0.569174702527022,0.351532935346527,5.2183671263602,1
74,41.6195193091684,5.17529353902413,0.569174344427999,0.351531659626359,5.21835195795949,1
75,40.572579491989,5.17519922838748,0.569173588856756,0.351527510134883,5.21825806358176,1
76,41.1979433660071,5.1752549901663,0.569176184732705,0.351530403641486,5.21831384330153,1
77,41.7457148091175,5.17532834279292,0.5691792166884,0.35153429921736,5.21838718379079,1
78,41.4646693854572,5.17527266787179,0.569175988348492,0.351530915226816,5.21833138818276,1
79,41.010662539633,5.17526735891765,0.569174734251862,0.351531567127504,5.21832603016295,1
80,41.0411649678815,5.17525692481113,0.569174601456753,0.351530675387589,5.21831560759672,1
81,41.2506951904664,5.17526709443964,0.569175428913146,0.351530863867869,5.2183257962607,1
82,42.0950325485505,5.17532437136155,0.569183570031184,0.351533446754278,5.21838366253279,1
83,41.7131207362893,5.1753362772819,0.569178432258861,0.351534745587218,5.21839499731994,1
84,42.1851835711674,5.17532806340751,0.569180388211305,0.35153373771999,5.21838699666602,1
85,41.1915297785611,5.17526075194938,0.56917186135236,0.351530467135743,5.21831909025767,1
86,41.1263517223405,5.17525247531262,0.569172620120474,0.351529776768358,5.21831091816873,1
87,41.7279263304868,5.17534319212429,0.569176314930495,0.351534930874793,5.21840163664797,1
88,40.8917004820488,5.1752136285376,0.569172852040126,0.351528006059606,5.21827229794929,1
89,41.4996823473752,5.17529119617403,0.569174628682911,0.35153228674559,5.21834970769086,1
90,42.7280203019008,5.17537632340177,0.5691844583168,0.351535840317899,5.21843544402391,1
91,41.9111080339336,5.17531635408529,0.569180826078357,0.35153308772876,5.21837538793502,1
92,41.7570235546873,5.17533113404773,0.56917959642862,0.351534354072345,5.21838999712818,1
93,41.5257530712075,5.17529181162315,0.569171625860447,0.351532062016552,5.21834997540064,1
94,41.6697634201696,5.17531375041633,0.569176981328668,0.351533189659903,5.21837239326164,1
95,41.5860051367397,5.17530919060779,0.569178708692895,0.351533607854575,5.21836808765633,1
96,40.6839401633929,5.17526283776077,0.569170699069435,0.351531436847645,5.21832109741045,1
97,42.1589312339939,5.17536586071203,0.56917887246602,0.351535970960437,5.21842446720888,1
98,41.6383700325416,5.17528433388986,0.569177886227918,0.351531544638998,5.21834320734589,1
99,41.8305787925565,5.17535200211121,0.569177903363074,0.351535810327469,5.21841060643717,1
100,42.7530851384226,5.17540317994063,0.569185478381391,0.351538146171894,5.21846234555293,1
101,40.7068954739176,5.17523807121988,0.569172342221832,0.351529427117493,5.21829657906519,1
102,41.9684067189403,5.17534597360139,0.569180638117612,0.351535140688765,5.21840488084426,1
103,41.834662600717,5.17533676360736,0.569177673805438,0.351534486402159,5.21839537944707,1
104,40.7976442638,5.17523361114989,0.569172629903706,0.351529663616733,5.21829220310722,1
105,43.0014752760331,5.17543577676297,0.569185496553385,0.351539677078956,5.21849477852049,1
106,41.6720864958409,5.1753089204163,0.569179727444923,0.351532968988549,5.21836788777494,1
107,41.9947620291012,5.17532478806526,0.569179064360974,0.351533690127279,5.21838360074881,1
108,40.3846887971706,5.17520287975646,0.569170365670551,0.351528100223406,5.21826137300957,1
109,41.6478722222654,5.17532683491653,0.569178226101916,0.351534125417148,5.21838556860342,1
110,41.4870502291251,5.17529758200957,0.569176238910749,0.351532574194364,5.2183562358289,1
111,40.6164341304415,5.17519489248097,0.569173297118675,0.351527369935594,5.2182537221879,1
112,40.8373135154736,5.17523973646132,0.569173233190006,0.351529547148539,5.21829833583197,1
113,41.6063948018257,5.17532227483309,0.569177601289005,0.351534255845606,5.2183809867837,1
114,41.5273082639611,5.17528328722455,0.569173872806602,0.351531470056781,5.21834172654031,1
115,40.4753992999823,5.17522606103242,0.569170045513693,0.351529045459111,5.2182843917614,1
116,40.7962921650008,5.1752529225216,0.569171898026441,0.351530315191265,5.21831131919799,1
117,42.2612070009987,5.17535732815689,0.569179346791272,0.351535075058129,5.21841599644155,1
118,42.369656010092,5.17536272154278,0.569182693832281,0.351535621595365,5.21842174720895,1
119,40.8276364329296,5.17525453399854,0.569176943770373,0.351530842727609,5.21831350326722,1
120,40.9229234227931,5.17523429101516,0.569170285686038,0.351529293295047,5.2182925967266,1
121,41.0410395398032,5.17528350630388,0.569173890138565,0.351532026317569,5.21834198317467,1
122,41.4113858259009,5.17530755235,0.569176524481454,0.351533254078405,5.21836620084818,1
123,40.8291310585514,5.17521039463744,0.569172443072616,0.351527608549284,5.21826901934818,1
124,40.8101993914727,5.17524048301478,0.569172326546691,0.351529786739907,5.21829899347546,1
125,40.6715851116378,5.17523292133788,0.569171828516691,0.351529443372635,5.21829141674114,1
126,41.7074634979506,5.17532223321573,0.569176886636238,0.35153402850879,5.21838085224694,1
127,42.9882552901682,5.17543509156674,0.569185670790358,0.351539120062145,5.21849408045918,1
128,41.0028964546249,5.17522785896818,0.569171806806944,0.351528536337716,5.2182863326732,1
129,41.6847180402841,5.17530040004204,0.569178213797292,0.351532947273393,5.218359271146,1
130,42.1184125174228,5.17535865993505,0.569179194503854,0.351535427108067,5.21841732433626,1
131,40.4953566990436,5.17518727738493,0.569170256797877,0.351526520243698,5.21824578107096,1
132,42.0231604721417,5.17532301125491,0.569178237849509,0.351533438428759,5.21838173149489,1
133,41.7880679240624,5.17533055504819,0.569177483830851,0.351534773815413,5.21838922075739,1
134,40.5574217436186,5.17524067813343,0.569171499971532,0.351530102463665,5.21829911809633,1
135,39.6561061396184,5.17513813445347,0.569165529116083,0.351524399036437,5.21819638508618,1
136,41.3411988391924,5.1752766162111,0.569177871465236,0.351531728701799,5.21833556413836,1
137,41.3946486588677,5.17528959405423,0.569177078955561,0.351532154495718,5.218348377138,1
138,41.9086277437941,5.17535364352262,0.569177935603539,0.351535426480064,5.21841221196364,1
139,40.5268949233051,5.17519735738917,0.569172528130535,0.351527560890354,5.21825609574424,1
140,41.2786445724394,5.17527508730517,0.569178007675184,0.351531481764681,5.21833404607009,1
141,40.3011017473275,5.17515420271241,0.569168528060936,0.351524942069064,5.21821268444317,1
142,41.8800173236147,5.17533902655535,0.569180599218026,0.351534806853772,5.21839796438934,1
143,40.8588090208095,5.17526034626607,0.569173144140957,0.351531011027881,5.21831886447729,1
144,41.8789244641712,5.17529936915548,0.569180717062776,0.351532256356306,5.21835847525983,1
145,41.5704036494537,5.17533481584601,0.569173783156067,0.35153452943914,5.21839302629919,1
146,40.9739841967415,5.17525781867475,0.56917489283302,0.351530726463921,5.21831652930655,1
147,41.4677743016753,5.17528747693485,0.569175704986403,0.351532121448901,5.21834612539986,1
148,40.608893163457,5.17520490676667,0.569174683376539,0.351527895434428,5.21826384044418,1
149,40.9825796539854,5.17523590200586,0.569175022688765,0.351529246136094,5.21829470792444,1
150,41.7539923664088,5.1753315262199,0.569179170134945,0.35153411238736,5.21839032328678,1
151,41.3043464977295,5.17526873779411,0.569175246221548,0.351531265069707,5.21832743315537,1
152,41.9438196340021,5.17533839281246,0.569180526545235,0.351534937315142,5.21839733673761,1
153,41.0631090656918,5.17527283653245,0.569176268447662,0.351531476961072,5.21833162384388,1
154,42.6648915865502,5.17538852770981,0.569183962671878,0.351537186521171,5.21844758425534,1
155,42.8124432965754,5.17542945451287,0.569184928386224,0.351539518050602,5.21848843575347,1
156,41.5640840160153,5.17530550432453,0.569178394990909,0.351532936669175,5.2183643523598,1
157,40.9305529683198,5.17523719794996,0.56917231579645,0.351529106224686,5.21829568850186,1
158,42.1190782367271,5.17537294290161,0.569178772917375,0.351536153738472,5.21843149241638,1
159,41.7730964303905,5.17532763516793,0.569177764345911,0.351534318554968,5.21838632489782,1
160,40.230124592604,5.17516045909999,0.569164945783704,0.351525128118506,5.21821851100926,1
161,42.2025161448266,5.1753441116209,0.569179659117278,0.351534300152285,5.21840287082413,1
162,41.141266133134,5.17526396241028,0.569174738929726,0.351530881915205,5.2183226160327,1
163,41.21877337927,5.17524279105197,0.569175710416238,0.351529565793965,5.2183016366717,1
164,41.39169914007,5.17527338152342,0.569177004812502,0.351531097016521,5.21833221906021,1
165,41.7506870473691,5.1753002508004,0.569179480782852,0.351532236714598,5.21835921346245,1
166,42.0640861854806,5.17535064472534,0.569179951841105,0.351535499197998,5.21840946272264,1
167,41.1337592887956,5.17526685940446,0.569176111977445,0.351530900956438,5.21832564016688,1
168,40.9183178332694,5.17521553789728,0.569172603746679,0.351528168903535,5.21827417544171,1
169,41.4437518738838,5.17528304854173,0.569175559109434,0.351531898563131,5.21834170262147,1
170,41.4126563186537,5.17529797525179,0.56917358840879,0.351532729360298,5.21835634718432,1
171,41.9206873554224,5.17535531795489,0.569180231745122,0.351535640816224,5.21841413746144,1
172,41.3936613527481,5.17529436963647,0.569174425772815,0.351532608837548,5.21835285453379,1
173,40.8717556996717,5.17523901336189,0.569171609543957,0.351529278204142,5.21829742348676,1
174,42.5499689727292,5.17537661999712,0.569181265040677,0.35153650639355,5.21843543474608,1
175,41.3760392570296,5.17530654659435,0.569176814161039,0.351533783118774,5.21836527062591,1
176,41.7169831560274,5.17532083644084,0.56917719396371,0.351533632548182,5.21837947384432,1
177,42.1897073150208,5.17536425518723,0.569180864074677,0.351535731926822,5.21842307605658,1
178,41.1424353339368,5.17526974039377,0.569175299678351,0.351531124976288,5.21832842387545,1
179,40.9965280374279,5.17522277056838,0.569173485042264,0.351528332950889,5.21828145560891,1
180,40.7993969398454,5.17526057964534,0.569172737259735,0.351531383411502,5.21831907663704,1
181,41.170901742704,5.1752803229424,0.569176621083535,0.351532212930261,5.21833913652136,1
182,41.086142279938,5.17526631047291,0.569176002726937,0.351531489066413,5.21832512346647,1
183,41.0847791314561,5.17524416563377,0.569174500731101,0.351529795011287,5.2183028834085,1
184,41.4163546261371,5.17528686791925,0.56917505773414,0.351532079705889,5.21834544800039,1
185,40.626561543157,5.17520653050704,0.569171764071206,0.351527687520106,5.21826511836184,1
186,40.756453527195,5.17520292973112,0.569175339370276,0.35152719209651,5.21826190389368,1
187,41.7663597997627,5.17533394096454,0.569177091047872,0.351534801577529,5.21839253776423,1
188,41.6908455675512,5.17530572335033,0.569178027242281,0.351532859305359,5.21836452425561,1
189,40.9490576917738,5.17524005217072,0.569173235756205,0.35152938523265,5.21829863830878,1
190,42.171319982761,5.17535797580184,0.569180436881788,0.351535795474098,5.21841680617065,1
191,40.7861769680747,5.17522381220764,0.569173521788281,0.351529214990153,5.21828255207951,1
192,42.4750160841161,5.17536005676972,0.569181860115009,0.351535296853701,5.21841899161283,1
193,41.9789146066262,5.17531644272895,0.569178912614292,0.351533029007178,5.21837526318569,1
194,40.2737427594606,5.17518543634345,0.569170650117542,0.351527010642352,5.2182440311572,1
195,41.4155327259956,5.17528224713306,0.569173585320377,0.35153183171145,5.21834068803709,1
196,41.0302045393315,5.17527057974981,0.569174774056485,0.351531688073163,5.21832923690771,1
197,41.1802704580804,5.17525753843401,0.569174700642125,0.35153026737859,5.21831619948929,1
198,40.8014875060725,5.17523669531842,0.569175307506854,0.351529915938997,5.21829557087809,1
199,41.0077531602175,5.17525565731904,0.569171940462997,0.351530212172468,5.21831402911833,1
200,41.3582229052224,5.17529231832597,0.569178908405771,0.351532775876284,5.21835132033223,1
