SigmaArcsec,RMSE_km,Rsigma_km,Isigma_km,Csigma_km,Converged
0.1,38442.5000392127,3.584005098345,0.399763401401164,0.246046936755783,1
0.1,38442.3521634024,3.58401963596096,0.399763941356616,0.246047436791411,1
0.1,38442.2633937095,3.58402809720756,0.399764137856496,0.246047724531392,1
0.1,38442.1187505039,3.58404256758659,0.399764785920417,0.246048225344887,1
0.1,38442.4130027292,3.58401360420052,0.399763694913823,0.246047228696648,1
0.1,38442.4238240469,3.58401254427184,0.399763657279837,0.246047192287899,1
0.1,38442.2703093509,3.58402763997756,0.399764219488504,0.246047711561589,1
0.1,38442.3145202477,3.58402321554513,0.39976402064107,0.246047558414164,1
0.1,38442.5010773702,3.58400497558649,0.399763387674725,0.246046932277106,1
0.1,38442.2804805506,3.58402659297369,0.399764159767588,0.246047674966469,1
0.1,38442.3212761719,3.58402260821772,0.399764023267183,0.246047538228701,1
0.1,38442.4318244505,3.5840117594581,0.399763628883903,0.246047165314488,1
0.1,38442.4587468544,3.58400914669685,0.399763546879097,0.24604707586635,1
0.1,38442.5018093664,3.58400489092807,0.399763378906125,0.246046929207876,1
0.1,38442.4262214788,3.58401241556717,0.399763699879269,0.246047189185528,1
0.1,38442.2034195546,3.58403436392049,0.399764534653979,0.246047944666697,1
0.1,38442.4570059698,3.58400931544773,0.399763552086849,0.246047081641068,1
0.1,38442.5580337752,3.583999351997,0.399763168011667,0.246046738546141,1
0.1,38442.4061346489,3.5840143266264,0.399763742660394,0.2460472541299,1
0.1,38442.3734155684,3.58401750823206,0.399763845320063,0.246047363130592,1
0.1,38442.3704420026,3.58401787020275,0.399763889605478,0.246047376443254,1
0.1,38442.3366422283,3.58402114115735,0.399763988089328,0.246047488307655,1
0.1,38442.3306428126,3.58402165420069,0.399763973145141,0.246047505003693,1
0.1,38442.362079575,3.58401868971386,0.399763918888767,0.246047404598839,1
0.1,38442.4463254478,3.58401045390475,0.399763633549987,0.246047121894787,1
0.1,38442.2699034272,3.58402767277358,0.399764217557436,0.246047712601625,1
0.1,38442.3414672383,3.58402070429394,0.399763988467478,0.246047473745564,1
0.1,38442.296854184,3.58402504436565,0.39976412932239,0.246047622457559,1
0.1,38442.3599133722,3.58401891544855,0.399763932929363,0.246047412521316,1
0.1,38442.3177250976,3.58402295246665,0.399764033897722,0.24604755000912,1
0.1,38442.4219464681,3.58401267887536,0.399763640143045,0.246047196298738,1
0.1,38442.4103427471,3.58401399697244,0.399763767637101,0.246047243831738,1
0.1,38442.1794819689,3.58403659793196,0.399764564743256,0.246048020028928,1
0.1,38442.3159047744,3.58402320046325,0.399764073683737,0.246047559394051,1
0.1,38442.3155624806,3.58402320880102,0.399764062782413,0.246047559367385,1
0.1,38442.4801861565,3.5840071085992,0.399763501990629,0.246047006625328,1
0.1,38442.3159293654,3.58402324611813,0.39976409666833,0.2460475615595,1
0.1,38442.4006985379,3.58401486387961,0.399763763867564,0.246047272644266,1
0.1,38442.4027359374,3.58401456907769,0.399763711065411,0.246047261334209,1
0.1,38442.270745608,3.58402757804043,0.399764208752299,0.246047709195342,1
0.1,38442.3151771245,3.58402328303136,0.399764081635697,0.246047562370628,1
0.1,38442.4298776717,3.58401194380922,0.399763632614987,0.246047171568296,1
0.1,38442.4863629261,3.5840064448304,0.399763452296554,0.246046983094248,1
0.1,38442.3527818357,3.5840196179058,0.399763959616352,0.246047436699668,1
0.1,38442.2059626049,3.58403389624361,0.399764420888691,0.246047925885526,1
0.1,38442.3584329608,3.58401903538924,0.399763926047031,0.246047416329862,1
0.1,38442.5388172072,3.58400132183907,0.399763276925856,0.24604680730044,1
0.1,38442.5190439764,3.58400328093324,0.399763356441405,0.246046874874258,1
0.1,38442.4803597834,3.58400699595386,0.399763455478714,0.246047001567354,1
0.1,38442.434905358,3.58401149485062,0.399763636006388,0.246047156686933,1
0.1,38442.4443800508,3.5840105541526,0.399763596971686,0.246047124216206,1
0.1,38442.3443806819,3.58402034371049,0.399763942232325,0.246047460424755,1
0.1,38442.4480464545,3.58401011092113,0.399763543843777,0.246047107945721,1
0.1,38442.4016844602,3.58401488407547,0.399763816487525,0.246047274789089,1
0.1,38442.5076762811,3.58400428816645,0.399763345005878,0.246046908153518,1
0.1,38442.404303876,3.58401444271651,0.399763718675646,0.246047257331814,1
0.1,38442.5791912913,3.58399727453837,0.39976309193871,0.24604666712015,1
0.1,38442.4792523017,3.5840071663359,0.399763489046361,0.246047008189344,1
0.1,38442.3984640353,3.58401489906687,0.399763683471431,0.246047271570381,1
0.1,38442.5071971115,3.58400433367586,0.399763345988726,0.246046909699053,1
0.1,38442.399347717,3.58401501362017,0.399763776931839,0.246047278004492,1
0.1,38442.4391674542,3.5840110176634,0.399763592515373,0.246047139553228,1
0.1,38442.5678125876,3.58399843348298,0.399763152852884,0.246046707482825,1
0.1,38442.4452990244,3.5840105032502,0.399763612548151,0.246047122953693,1
0.1,38442.3104948508,3.58402378796408,0.399764120144996,0.246047580290543,1
0.1,38442.3943110762,3.58401546253024,0.399763773125683,0.246047292872653,1
0.1,38442.2682038648,3.58402791839494,0.399764261458602,0.246047722022231,1
0.1,38442.4220116656,3.58401274361969,0.399763674059246,0.246047199406644,1
0.1,38442.4108863492,3.58401385347273,0.399763722422975,0.246047237780826,1
0.1,38442.3681568303,3.58401814691034,0.399763922934343,0.246047386605342,1
0.1,38442.4454541729,3.58401051649423,0.399763625659472,0.246047123761983,1
0.1,38442.4024579568,3.5840147497694,0.399763785695624,0.24604726944806,1
0.1,38442.2641432956,3.58402835622365,0.399764294824729,0.246047737559988,1
0.1,38442.404477852,3.58401445193022,0.399763730673499,0.246047257974632,1
0.1,38442.4513345271,3.58400989272522,0.399763582263789,0.246047101741391,1
0.1,38442.4258589348,3.58401232673474,0.399763641454231,0.246047184588863,1
0.1,38442.2662744527,3.58402807061069,0.399764250517834,0.246047726793934,1
0.1,38442.4302151842,3.58401197387229,0.399763661739672,0.246047173385345,1
0.1,38442.4487119263,3.58401016518572,0.399763598864356,0.246047111294083,1
0.1,38442.1642933404,3.58403809009707,0.399764619670639,0.246048071339358,1
0.1,38442.4074275557,3.58401409519526,0.399763687862833,0.246047244877957,1
0.1,38442.4258622679,3.58401246198535,0.399763706521709,0.246047190919687,1
0.1,38442.323556741,3.58402242434313,0.399764034300185,0.24604753240357,1
0.1,38442.5384133003,3.58400143586316,0.39976331407312,0.246046812142532,1
0.1,38442.3273447284,3.58402212890184,0.399764057410191,0.246047523194359,1
0.1,38442.3643816561,3.58401838932683,0.399763874929413,0.246047393349625,1
0.1,38442.3722084318,3.5840176533151,0.399763862405762,0.246047368448007,1
0.1,38442.3105068347,3.58402372120322,0.399764088621236,0.246047577182271,1
0.1,38442.3200464609,3.58402283898927,0.399764080498462,0.246047547526654,1
0.1,38442.3946691352,3.58401549479709,0.39976380420382,0.246047294817893,1
0.1,38442.3225387734,3.58402248066781,0.399764017013647,0.24604753379903,1
0.1,38442.2632295194,3.58402839305996,0.399764272720858,0.246047738170798,1
0.1,38442.4117379,3.58401373204995,0.399763701214422,0.246047233137559,1
0.1,38442.4019340636,3.58401474385254,0.399763760046219,0.246047268533619,1
0.1,38442.380416508,3.58401685915766,0.399763838570743,0.246047341290432,1
0.1,38442.3265771095,3.58402211475099,0.399764017196057,0.24604752159804,1
0.1,38442.3917420514,3.58401564014594,0.399763746530631,0.246047298053889,1
0.1,38442.3357117285,3.58402123502619,0.399763992633791,0.246047491565916,1
0.1,38442.4749137226,3.58400756884438,0.399763493363788,0.246047021736838,1
0.1,38442.3897078672,3.58401587392774,0.399763770183806,0.246047306513648,1
